plato_id,nombre,categoria,precio_base,region
0,Plato-0,Principal,15.47,America
1,Plato-1,Postre,14.88,Europa
2,Plato-2,Principal,41.25,Europa
3,Plato-3,Principal,14.98,Asia
4,Plato-4,Entrante,15.88,Asia
5,Plato-5,Entrante,35.38,Europa
6,Plato-6,Entrante,22.99,Europa
7,Plato-7,Postre,36.07,America
8,Plato-8,Principal,7.61,Asia
9,Plato-9,Principal,24.5,America
10,Plato-10,Entrante,6.34,America
11,Plato-11,Postre,7.51,America
12,Plato-12,Postre,41.26,Europa
13,Plato-13,Entrante,10.57,America
14,Plato-14,Entrante,26.3,America
15,Plato-15,Entrante,21.44,Europa
16,Plato-16,Principal,18.89,Asia
17,Plato-17,Principal,40.99,Asia
18,Plato-18,Principal,5.87,America
19,Plato-19,Principal,31.55,Europa
20,Plato-20,Principal,43.54,Asia
21,Plato-21,Entrante,27.41,America
22,Plato-22,Principal,42.47,America
23,Plato-23,Principal,7.09,Europa
24,Plato-24,Principal,21.75,America
25,Plato-25,Principal,15.41,Asia
26,Plato-26,Entrante,34.23,Europa
27,Plato-27,Principal,44.25,Asia
28,Plato-28,Principal,15.26,Asia
29,Plato-29,Entrante,31.17,Asia
30,Plato-30,Principal,12.92,America
31,Plato-31,Entrante,27.61,America
32,Plato-32,Entrante,23.56,Asia
33,Plato-33,Postre,43.88,Asia
34,Plato-34,Postre,29.34,Europa
35,Plato-35,Postre,18.98,Europa
36,Plato-36,Principal,9.56,America
37,Plato-37,Entrante,11.05,America
38,Plato-38,Principal,14.01,Europa
39,Plato-39,Principal,15.04,Asia
40,Plato-40,Entrante,39.02,America
41,Plato-41,Principal,27.45,Asia
42,Plato-42,Entrante,25.94,Europa
43,Plato-43,Postre,9.59,America
44,Plato-44,Principal,39.41,America
45,Plato-45,Principal,33.91,Europa
46,Plato-46,Principal,7.71,America
47,Plato-47,Principal,33.31,Europa
48,Plato-48,Principal,26.74,America
49,Plato-49,Entrante,8.27,Europa
50,Plato-50,Postre,23.33,America
51,Plato-51,Principal,24.39,Asia
52,Plato-52,Postre,11.63,Asia
53,Plato-53,Postre,42.83,Asia
54,Plato-54,Principal,39.0,America
55,Plato-55,Postre,31.76,America
56,Plato-56,Entrante,23.49,Asia
57,Plato-57,Entrante,21.47,Asia
58,Plato-58,Entrante,31.04,Europa
59,Plato-59,Principal,26.82,Europa
60,Plato-60,Principal,7.49,Europa
61,Plato-61,Principal,25.5,Asia
62,Plato-62,Postre,37.26,Asia
63,Plato-63,Principal,23.37,Asia
64,Plato-64,Principal,7.08,Europa
65,Plato-65,Principal,36.45,America
66,Plato-66,Entrante,13.05,Asia
67,Plato-67,Postre,15.34,America
68,Plato-68,Entrante,11.59,America
69,Plato-69,Postre,18.21,America
70,Plato-70,Principal,35.27,Europa
71,Plato-71,Entrante,25.78,America
72,Plato-72,Entrante,13.2,Asia
73,Plato-73,Postre,40.11,Europa
74,Plato-74,Principal,40.18,Asia
75,Plato-75,Principal,39.82,Asia
76,Plato-76,Principal,14.55,Europa
77,Plato-77,Entrante,23.05,Asia
78,Plato-78,Principal,44.4,Asia
79,Plato-79,Entrante,35.88,Europa
80,Plato-80,Postre,6.09,Asia
81,Plato-81,Principal,7.61,America
82,Plato-82,Principal,23.56,Asia
83,Plato-83,Entrante,41.37,America
84,Plato-84,Principal,26.55,Asia
85,Plato-85,Principal,24.91,Europa
86,Plato-86,Principal,9.22,Europa
87,Plato-87,Principal,31.27,Asia
88,Plato-88,Postre,37.88,Europa
89,Plato-89,Principal,20.22,Asia
90,Plato-90,Entrante,36.02,Europa
91,Plato-91,Principal,43.58,America
92,Plato-92,Principal,13.15,Asia
93,Plato-93,Principal,25.93,America
94,Plato-94,Principal,16.49,America
95,Plato-95,Principal,36.71,Asia
96,Plato-96,Principal,28.1,America
97,Plato-97,Principal,30.38,Asia
98,Plato-98,Entrante,36.92,America
99,Plato-99,Entrante,20.84,Asia
100,Plato-100,Entrante,41.6,Asia
101,Plato-101,Principal,26.32,Europa
102,Plato-102,Principal,11.32,Asia
103,Plato-103,Principal,32.84,Asia
104,Plato-104,Postre,36.73,America
105,Plato-105,Entrante,17.67,Asia
106,Plato-106,Principal,39.29,Europa
107,Plato-107,Principal,41.25,America
108,Plato-108,Entrante,16.08,America
109,Plato-109,Entrante,44.34,Europa
110,Plato-110,Principal,10.63,America
111,Plato-111,Entrante,13.08,America
112,Plato-112,Postre,12.37,America
113,Plato-113,Postre,40.76,America
114,Plato-114,Principal,31.17,Europa
115,Plato-115,Postre,11.08,Europa
116,Plato-116,Postre,22.61,America
117,Plato-117,Entrante,29.61,America
118,Plato-118,Postre,8.34,Europa
119,Plato-119,Principal,40.3,Europa
120,Plato-120,Postre,37.14,Europa
121,Plato-121,Postre,25.21,America
122,Plato-122,Principal,43.69,America
123,Plato-123,Entrante,21.71,Asia
124,Plato-124,Entrante,44.36,Europa
125,Plato-125,Principal,31.72,America
126,Plato-126,Postre,30.39,Europa
127,Plato-127,Postre,11.64,America
128,Plato-128,Entrante,40.28,Europa
129,Plato-129,Principal,22.1,America
130,Plato-130,Principal,11.49,Asia
131,Plato-131,Entrante,5.5,Asia
132,Plato-132,Entrante,27.39,Europa
133,Plato-133,Principal,26.1,America
134,Plato-134,Postre,33.77,America
135,Plato-135,Principal,40.61,Europa
136,Plato-136,Principal,8.18,America
137,Plato-137,Principal,34.26,Europa
138,Plato-138,Principal,12.5,America
139,Plato-139,Postre,39.33,Europa
140,Plato-140,Postre,37.76,America
141,Plato-141,Principal,26.63,Europa
142,Plato-142,Principal,33.41,America
143,Plato-143,Principal,17.57,Asia
144,Plato-144,Principal,23.85,America
145,Plato-145,Entrante,37.87,Europa
146,Plato-146,Principal,23.37,Asia
147,Plato-147,Principal,19.31,America
148,Plato-148,Entrante,24.77,Asia
149,Plato-149,Principal,38.13,America
150,Plato-150,Postre,18.41,Asia
151,Plato-151,Entrante,11.95,Europa
152,Plato-152,Entrante,33.48,America
153,Plato-153,Principal,38.04,America
154,Plato-154,Postre,9.03,Europa
155,Plato-155,Entrante,14.59,Asia
156,Plato-156,Principal,10.68,Europa
157,Plato-157,Principal,18.92,Europa
158,Plato-158,Entrante,23.01,Asia
159,Plato-159,Principal,34.95,Europa
160,Plato-160,Principal,31.05,America
161,Plato-161,Principal,29.84,America
162,Plato-162,Principal,19.09,America
163,Plato-163,Principal,38.66,Europa
164,Plato-164,Entrante,23.85,America
165,Plato-165,Postre,44.16,America
166,Plato-166,Principal,30.37,America
167,Plato-167,Entrante,10.05,America
168,Plato-168,Entrante,32.05,America
169,Plato-169,Principal,18.0,America
170,Plato-170,Principal,32.45,Europa
171,Plato-171,Entrante,7.79,America
172,Plato-172,Principal,12.0,America
173,Plato-173,Entrante,39.23,Asia
174,Plato-174,Principal,14.09,Europa
175,Plato-175,Entrante,38.48,Europa
176,Plato-176,Principal,16.17,Europa
177,Plato-177,Principal,30.72,Europa
178,Plato-178,Postre,32.77,America
179,Plato-179,Entrante,25.51,America
180,Plato-180,Principal,17.21,Asia
181,Plato-181,Entrante,13.51,Asia
182,Plato-182,Postre,6.33,Europa
183,Plato-183,Postre,17.16,Asia
184,Plato-184,Principal,31.13,Asia
185,Plato-185,Principal,42.53,Europa
186,Plato-186,Postre,39.85,Europa
187,Plato-187,Principal,35.64,Asia
188,Plato-188,Principal,36.54,America
189,Plato-189,Entrante,31.6,Asia
190,Plato-190,Entrante,15.41,Asia
191,Plato-191,Postre,41.29,America
192,Plato-192,Postre,31.83,America
193,Plato-193,Principal,27.42,Europa
194,Plato-194,Principal,9.44,Europa
195,Plato-195,Principal,22.88,Asia
196,Plato-196,Principal,23.41,America
197,Plato-197,Postre,39.58,Europa
198,Plato-198,Postre,26.87,Asia
199,Plato-199,Principal,20.22,America
200,Plato-200,Principal,44.07,Asia
201,Plato-201,Entrante,9.43,Europa
202,Plato-202,Entrante,21.9,Europa
203,Plato-203,Postre,6.68,America
204,Plato-204,Principal,34.6,Asia
205,Plato-205,Entrante,41.72,America
206,Plato-206,Entrante,16.2,Europa
207,Plato-207,Principal,39.33,Europa
208,Plato-208,Entrante,16.69,Asia
209,Plato-209,Entrante,41.43,Asia
210,Plato-210,Principal,35.16,Asia
211,Plato-211,Principal,37.2,America
212,Plato-212,Principal,5.72,Asia
213,Plato-213,Entrante,43.51,Asia
214,Plato-214,Principal,34.07,Europa
215,Plato-215,Entrante,17.19,Europa
216,Plato-216,Principal,38.18,Asia
217,Plato-217,Principal,16.26,Asia
218,Plato-218,Principal,39.91,Europa
219,Plato-219,Postre,9.5,Asia
220,Plato-220,Principal,33.15,America
221,Plato-221,Principal,26.63,America
222,Plato-222,Entrante,8.86,America
223,Plato-223,Principal,14.68,Asia
224,Plato-224,Principal,5.5,Europa
225,Plato-225,Entrante,23.75,Asia
226,Plato-226,Postre,17.05,Asia
227,Plato-227,Principal,28.93,Europa
228,Plato-228,Postre,16.89,Europa
229,Plato-229,Principal,17.0,Europa
230,Plato-230,Principal,34.73,America
231,Plato-231,Principal,6.93,Asia
232,Plato-232,Principal,41.12,Europa
233,Plato-233,Principal,39.09,Asia
234,Plato-234,Entrante,31.71,America
235,Plato-235,Principal,28.73,America
236,Plato-236,Principal,40.69,Europa
237,Plato-237,Entrante,12.41,Europa
238,Plato-238,Principal,8.16,Asia
239,Plato-239,Entrante,14.58,Europa
240,Plato-240,Postre,36.78,Asia
241,Plato-241,Postre,6.39,Europa
242,Plato-242,Postre,28.31,Asia
243,Plato-243,Principal,44.82,Asia
244,Plato-244,Entrante,39.23,Asia
245,Plato-245,Postre,25.86,Asia
246,Plato-246,Principal,7.55,America
247,Plato-247,Postre,38.25,Asia
248,Plato-248,Postre,28.96,Europa
249,Plato-249,Postre,9.6,America
250,Plato-250,Principal,8.75,America
251,Plato-251,Principal,41.39,Asia
252,Plato-252,Postre,31.77,America
253,Plato-253,Principal,38.17,Asia
254,Plato-254,Entrante,40.16,Europa
255,Plato-255,Principal,27.87,Asia
256,Plato-256,Postre,25.7,America
257,Plato-257,Principal,22.22,Europa
258,Plato-258,Principal,17.68,Asia
259,Plato-259,Entrante,22.38,Europa
260,Plato-260,Principal,35.96,Europa
261,Plato-261,Postre,29.08,America
262,Plato-262,Entrante,40.7,Europa
263,Plato-263,Principal,22.74,America
264,Plato-264,Postre,29.28,Europa
265,Plato-265,Principal,30.25,Asia
266,Plato-266,Principal,28.67,Europa
267,Plato-267,Principal,33.11,Asia
268,Plato-268,Principal,14.5,Asia
269,Plato-269,Principal,25.49,Europa
270,Plato-270,Postre,9.17,Asia
271,Plato-271,Postre,20.38,Europa
272,Plato-272,Postre,24.51,Europa
273,Plato-273,Postre,31.09,Asia
274,Plato-274,Principal,43.02,Asia
275,Plato-275,Principal,29.03,America
276,Plato-276,Principal,34.74,Asia
277,Plato-277,Principal,25.25,America
278,Plato-278,Principal,30.36,Asia
279,Plato-279,Principal,7.84,Europa
280,Plato-280,Postre,15.18,Asia
281,Plato-281,Principal,19.47,Europa
282,Plato-282,Principal,23.9,Europa
283,Plato-283,Entrante,6.83,Europa
284,Plato-284,Principal,10.6,America
285,Plato-285,Entrante,16.07,Asia
286,Plato-286,Principal,43.86,Europa
287,Plato-287,Principal,18.25,Europa
288,Plato-288,Principal,24.28,America
289,Plato-289,Principal,12.84,Asia
290,Plato-290,Entrante,29.43,Asia
291,Plato-291,Entrante,16.23,America
292,Plato-292,Postre,13.28,America
293,Plato-293,Principal,25.66,Asia
294,Plato-294,Entrante,5.22,America
295,Plato-295,Principal,5.31,Asia
296,Plato-296,Principal,13.76,Asia
297,Plato-297,Entrante,6.47,Europa
298,Plato-298,Principal,9.32,Europa
299,Plato-299,Entrante,18.55,Asia
300,Plato-300,Entrante,37.1,Asia
301,Plato-301,Principal,27.88,Asia
302,Plato-302,Principal,25.51,Asia
303,Plato-303,Principal,16.74,Asia
304,Plato-304,Principal,42.27,Asia
305,Plato-305,Postre,20.88,America
306,Plato-306,Principal,8.48,Asia
307,Plato-307,Principal,29.68,America
308,Plato-308,Principal,9.55,America
309,Plato-309,Principal,18.81,Asia
310,Plato-310,Principal,25.3,Asia
311,Plato-311,Entrante,39.97,America
312,Plato-312,Entrante,24.74,America
313,Plato-313,Postre,33.09,Asia
314,Plato-314,Postre,44.71,Asia
315,Plato-315,Principal,10.26,America
316,Plato-316,Principal,15.99,America
317,Plato-317,Entrante,20.78,America
318,Plato-318,Entrante,21.87,Europa
319,Plato-319,Principal,21.44,America
320,Plato-320,Principal,41.3,Europa
321,Plato-321,Principal,33.56,Asia
322,Plato-322,Principal,29.32,Asia
323,Plato-323,Principal,17.37,America
324,Plato-324,Postre,37.95,Asia
325,Plato-325,Principal,43.2,Asia
326,Plato-326,Principal,37.85,Asia
327,Plato-327,Principal,5.06,Asia
328,Plato-328,Principal,30.46,Europa
329,Plato-329,Entrante,7.05,Europa
330,Plato-330,Principal,15.3,America
331,Plato-331,Principal,7.38,America
332,Plato-332,Entrante,29.15,America
333,Plato-333,Entrante,32.46,Asia
334,Plato-334,Entrante,9.58,Asia
335,Plato-335,Entrante,20.35,Europa
336,Plato-336,Postre,23.25,Europa
337,Plato-337,Principal,19.76,America
338,Plato-338,Principal,9.84,Europa
339,Plato-339,Entrante,21.76,Europa
340,Plato-340,Principal,35.05,Europa
341,Plato-341,Principal,7.84,Europa
342,Plato-342,Entrante,8.21,Europa
343,Plato-343,Principal,19.19,America
344,Plato-344,Principal,42.67,America
345,Plato-345,Principal,31.74,Europa
346,Plato-346,Principal,32.15,America
347,Plato-347,Entrante,19.48,Asia
348,Plato-348,Principal,28.75,Europa
349,Plato-349,Principal,5.41,Asia
350,Plato-350,Principal,30.44,America
351,Plato-351,Postre,41.53,America
352,Plato-352,Principal,29.5,Asia
353,Plato-353,Entrante,39.95,America
354,Plato-354,Entrante,33.96,Europa
355,Plato-355,Principal,9.82,Asia
356,Plato-356,Entrante,41.1,Europa
357,Plato-357,Principal,7.66,Asia
358,Plato-358,Postre,26.36,America
359,Plato-359,Principal,10.69,Asia
360,Plato-360,Principal,5.47,Asia
361,Plato-361,Principal,21.88,Europa
362,Plato-362,Principal,16.8,America
363,Plato-363,Principal,24.44,Europa
364,Plato-364,Postre,28.09,America
365,Plato-365,Principal,6.75,Europa
366,Plato-366,Postre,9.92,Asia
367,Plato-367,Postre,27.35,Europa
368,Plato-368,Entrante,18.73,America
369,Plato-369,Entrante,34.17,America
370,Plato-370,Entrante,31.09,Asia
371,Plato-371,Entrante,38.82,America
372,Plato-372,Entrante,32.7,Europa
373,Plato-373,Principal,22.2,Asia
374,Plato-374,Entrante,31.92,America
375,Plato-375,Principal,16.02,America
376,Plato-376,Postre,17.25,Europa
377,Plato-377,Entrante,36.56,Europa
378,Plato-378,Postre,22.86,Asia
379,Plato-379,Principal,36.94,America
380,Plato-380,Entrante,37.9,Europa
381,Plato-381,Principal,39.3,Asia
382,Plato-382,Principal,41.67,America
383,Plato-383,Postre,22.24,America
384,Plato-384,Principal,17.75,Asia
385,Plato-385,Postre,28.29,Asia
386,Plato-386,Principal,19.85,Europa
387,Plato-387,Entrante,29.04,America
388,Plato-388,Principal,33.22,America
389,Plato-389,Postre,32.54,America
390,Plato-390,Postre,19.98,Asia
391,Plato-391,Principal,11.67,Europa
392,Plato-392,Principal,22.22,America
393,Plato-393,Principal,10.7,Asia
394,Plato-394,Principal,40.6,America
395,Plato-395,Postre,18.84,Europa
396,Plato-396,Postre,11.18,America
397,Plato-397,Principal,6.02,Europa
398,Plato-398,Principal,30.83,Europa
399,Plato-399,Principal,30.48,America
400,Plato-400,Entrante,18.62,America
401,Plato-401,Postre,7.87,Europa
402,Plato-402,Principal,21.39,Asia
403,Plato-403,Postre,17.45,Europa
404,Plato-404,Principal,32.08,America
405,Plato-405,Postre,29.23,America
406,Plato-406,Principal,19.58,Asia
407,Plato-407,Entrante,13.72,Europa
408,Plato-408,Postre,44.52,Europa
409,Plato-409,Entrante,23.16,Europa
410,Plato-410,Principal,32.53,America
411,Plato-411,Postre,10.62,Europa
412,Plato-412,Postre,24.42,Asia
413,Plato-413,Principal,6.1,America
414,Plato-414,Principal,25.22,America
415,Plato-415,Principal,43.56,Europa
416,Plato-416,Principal,20.37,Asia
417,Plato-417,Principal,6.56,America
418,Plato-418,Principal,6.24,America
419,Plato-419,Principal,20.52,Europa
420,Plato-420,Principal,11.4,Europa
421,Plato-421,Principal,5.93,Asia
422,Plato-422,Entrante,35.25,Europa
423,Plato-423,Principal,23.34,Asia
424,Plato-424,Entrante,16.57,America
425,Plato-425,Principal,41.0,Asia
426,Plato-426,Principal,9.65,Asia
427,Plato-427,Postre,43.24,Asia
428,Plato-428,Principal,17.56,America
429,Plato-429,Entrante,40.54,Europa
430,Plato-430,Entrante,29.12,America
431,Plato-431,Principal,38.07,Europa
432,Plato-432,Principal,44.36,Asia
433,Plato-433,Entrante,16.54,Asia
434,Plato-434,Entrante,43.45,Asia
435,Plato-435,Principal,20.58,Asia
436,Plato-436,Entrante,20.42,Asia
437,Plato-437,Postre,18.62,Europa
438,Plato-438,Principal,26.66,Europa
439,Plato-439,Entrante,11.17,Asia
440,Plato-440,Entrante,27.15,America
441,Plato-441,Postre,26.67,America
442,Plato-442,Principal,35.48,Asia
443,Plato-443,Principal,38.35,Europa
444,Plato-444,Postre,22.62,America
445,Plato-445,Postre,17.09,America
446,Plato-446,Postre,15.37,America
447,Plato-447,Principal,12.78,Asia
448,Plato-448,Principal,7.31,America
449,Plato-449,Entrante,18.7,America
450,Plato-450,Principal,15.81,America
451,Plato-451,Principal,43.66,America
452,Plato-452,Principal,27.31,Europa
453,Plato-453,Postre,18.89,Asia
454,Plato-454,Entrante,28.22,Asia
455,Plato-455,Principal,10.57,Europa
456,Plato-456,Entrante,22.76,Europa
457,Plato-457,Principal,30.05,Asia
458,Plato-458,Entrante,24.56,America
459,Plato-459,Entrante,21.07,America
460,Plato-460,Entrante,44.75,Asia
461,Plato-461,Principal,40.21,America
462,Plato-462,Principal,29.94,Europa
463,Plato-463,Principal,27.78,America
464,Plato-464,Postre,29.83,America
465,Plato-465,Principal,13.05,America
466,Plato-466,Principal,20.81,Asia
467,Plato-467,Postre,6.58,Europa
468,Plato-468,Entrante,24.02,America
469,Plato-469,Postre,26.72,Asia
470,Plato-470,Entrante,14.11,America
471,Plato-471,Postre,43.56,Europa
472,Plato-472,Entrante,41.38,America
473,Plato-473,Postre,33.89,Europa
474,Plato-474,Principal,26.34,America
475,Plato-475,Postre,39.8,Europa
476,Plato-476,Entrante,10.23,America
477,Plato-477,Principal,36.62,Europa
478,Plato-478,Postre,9.99,America
479,Plato-479,Principal,36.77,America
480,Plato-480,Principal,16.03,Asia
481,Plato-481,Principal,40.08,Asia
482,Plato-482,Principal,42.76,Europa
483,Plato-483,Principal,10.95,America
484,Plato-484,Principal,23.51,Europa
485,Plato-485,Postre,44.24,Asia
486,Plato-486,Entrante,24.34,Europa
487,Plato-487,Principal,39.54,Europa
488,Plato-488,Postre,28.55,Asia
489,Plato-489,Postre,20.01,America
490,Plato-490,Principal,16.43,Europa
491,Plato-491,Principal,13.13,Asia
492,Plato-492,Principal,35.47,America
493,Plato-493,Entrante,20.46,Asia
494,Plato-494,Principal,25.45,Europa
495,Plato-495,Principal,24.69,America
496,Plato-496,Principal,28.09,America
497,Plato-497,Entrante,39.62,Asia
498,Plato-498,Postre,44.23,Asia
499,Plato-499,Postre,21.3,Asia
500,Plato-500,Principal,38.1,America
501,Plato-501,Principal,35.58,America
502,Plato-502,Principal,27.94,Europa
503,Plato-503,Postre,43.24,America
504,Plato-504,Principal,13.02,Europa
505,Plato-505,Entrante,9.37,Asia
506,Plato-506,Postre,39.16,Asia
507,Plato-507,Postre,22.57,America
508,Plato-508,Postre,38.88,Asia
509,Plato-509,Principal,40.72,Asia
510,Plato-510,Principal,7.5,America
511,Plato-511,Principal,40.34,Europa
512,Plato-512,Postre,22.93,America
513,Plato-513,Postre,25.42,Europa
514,Plato-514,Entrante,30.06,America
515,Plato-515,Entrante,42.06,America
516,Plato-516,Principal,5.76,Asia
517,Plato-517,Postre,24.07,America
518,Plato-518,Postre,32.51,America
519,Plato-519,Entrante,33.91,Europa
520,Plato-520,Principal,32.7,Asia
521,Plato-521,Principal,10.38,Europa
522,Plato-522,Postre,16.98,Europa
523,Plato-523,Postre,19.35,Asia
524,Plato-524,Postre,37.18,Asia
525,Plato-525,Principal,16.15,Asia
526,Plato-526,Principal,13.43,America
527,Plato-527,Principal,43.3,Asia
528,Plato-528,Entrante,5.35,Asia
529,Plato-529,Postre,44.91,Asia
530,Plato-530,Postre,32.07,Europa
531,Plato-531,Postre,38.14,Europa
532,Plato-532,Postre,16.78,America
533,Plato-533,Principal,5.57,Europa
534,Plato-534,Principal,34.51,America
535,Plato-535,Postre,38.37,Europa
536,Plato-536,Postre,34.62,Asia
537,Plato-537,Entrante,10.71,Europa
538,Plato-538,Principal,35.14,America
539,Plato-539,Entrante,35.76,Europa
540,Plato-540,Postre,31.34,Asia
541,Plato-541,Principal,35.64,America
542,Plato-542,Entrante,38.84,Asia
543,Plato-543,Principal,29.54,Asia
544,Plato-544,Principal,8.54,America
545,Plato-545,Principal,24.51,Asia
546,Plato-546,Entrante,8.11,Asia
547,Plato-547,Principal,21.3,Europa
548,Plato-548,Principal,21.28,Asia
549,Plato-549,Principal,7.64,Asia
550,Plato-550,Principal,18.95,Asia
551,Plato-551,Postre,9.44,Asia
552,Plato-552,Principal,37.33,America
553,Plato-553,Principal,42.91,Europa
554,Plato-554,Postre,7.89,Asia
555,Plato-555,Principal,43.2,Asia
556,Plato-556,Entrante,25.9,America
557,Plato-557,Entrante,16.98,Asia
558,Plato-558,Principal,8.07,America
559,Plato-559,Principal,25.02,Europa
560,Plato-560,Principal,36.78,Europa
561,Plato-561,Entrante,33.28,Asia
562,Plato-562,Entrante,7.01,Asia
563,Plato-563,Entrante,7.92,Asia
564,Plato-564,Principal,21.11,America
565,Plato-565,Principal,16.81,Asia
566,Plato-566,Principal,14.3,Asia
567,Plato-567,Principal,16.24,Europa
568,Plato-568,Postre,37.14,Asia
569,Plato-569,Principal,42.17,Europa
570,Plato-570,Principal,21.2,Asia
571,Plato-571,Principal,41.24,Europa
572,Plato-572,Principal,17.86,Asia
573,Plato-573,Principal,24.06,Europa
574,Plato-574,Postre,14.04,America
575,Plato-575,Postre,30.62,Europa
576,Plato-576,Entrante,44.16,Europa
577,Plato-577,Postre,29.14,Europa
578,Plato-578,Principal,19.31,Asia
579,Plato-579,Principal,30.91,Asia
580,Plato-580,Principal,9.92,Asia
581,Plato-581,Postre,40.55,America
582,Plato-582,Principal,25.12,America
583,Plato-583,Principal,22.97,Europa
584,Plato-584,Principal,28.43,America
585,Plato-585,Entrante,29.99,Europa
586,Plato-586,Entrante,7.87,Europa
587,Plato-587,Entrante,32.3,Europa
588,Plato-588,Entrante,14.68,America
589,Plato-589,Entrante,33.56,Asia
590,Plato-590,Entrante,37.9,America
591,Plato-591,Principal,37.16,Europa
592,Plato-592,Entrante,27.1,Europa
593,Plato-593,Principal,25.81,America
594,Plato-594,Postre,10.72,Europa
595,Plato-595,Principal,36.01,Europa
596,Plato-596,Principal,15.86,America
597,Plato-597,Entrante,24.87,America
598,Plato-598,Entrante,16.37,America
599,Plato-599,Entrante,10.35,Europa
600,Plato-600,Entrante,30.18,Europa
601,Plato-601,Principal,7.17,Asia
602,Plato-602,Entrante,34.95,Asia
603,Plato-603,Entrante,17.7,America
604,Plato-604,Entrante,5.01,Asia
605,Plato-605,Principal,25.45,Europa
606,Plato-606,Entrante,6.87,Asia
607,Plato-607,Principal,16.05,Europa
608,Plato-608,Principal,33.28,America
609,Plato-609,Principal,7.51,America
610,Plato-610,Entrante,38.57,Europa
611,Plato-611,Principal,5.15,Asia
612,Plato-612,Principal,14.87,America
613,Plato-613,Entrante,34.64,America
614,Plato-614,Postre,17.65,Asia
615,Plato-615,Postre,9.08,Asia
616,Plato-616,Entrante,19.41,Europa
617,Plato-617,Principal,15.82,Asia
618,Plato-618,Postre,38.71,Asia
619,Plato-619,Principal,17.53,Asia
620,Plato-620,Entrante,36.56,Europa
621,Plato-621,Entrante,40.67,Europa
622,Plato-622,Principal,22.35,America
623,Plato-623,Principal,41.4,Europa
624,Plato-624,Principal,20.09,America
625,Plato-625,Principal,43.56,Asia
626,Plato-626,Principal,8.57,America
627,Plato-627,Principal,32.48,America
628,Plato-628,Entrante,24.75,Asia
629,Plato-629,Principal,20.51,America
630,Plato-630,Principal,30.31,Europa
631,Plato-631,Postre,33.15,Europa
632,Plato-632,Principal,5.17,Europa
633,Plato-633,Principal,11.68,Europa
634,Plato-634,Entrante,33.52,America
635,Plato-635,Principal,31.66,America
636,Plato-636,Principal,43.64,Asia
637,Plato-637,Entrante,35.44,America
638,Plato-638,Principal,43.03,America
639,Plato-639,Principal,33.1,America
640,Plato-640,Entrante,16.92,Asia
641,Plato-641,Principal,9.21,Europa
642,Plato-642,Entrante,36.27,America
643,Plato-643,Principal,30.77,Asia
644,Plato-644,Entrante,6.93,Asia
645,Plato-645,Postre,19.4,Asia
646,Plato-646,Principal,43.27,Europa
647,Plato-647,Principal,25.02,America
648,Plato-648,Principal,22.31,Asia
649,Plato-649,Principal,23.31,Europa
650,Plato-650,Entrante,13.36,Asia
651,Plato-651,Principal,19.75,Asia
652,Plato-652,Principal,19.79,Asia
653,Plato-653,Principal,7.09,Asia
654,Plato-654,Principal,35.7,Asia
655,Plato-655,Entrante,21.66,Europa
656,Plato-656,Principal,37.89,America
657,Plato-657,Principal,39.01,America
658,Plato-658,Principal,13.48,America
659,Plato-659,Principal,31.29,America
660,Plato-660,Principal,23.89,Europa
661,Plato-661,Postre,40.21,Europa
662,Plato-662,Principal,13.63,Europa
663,Plato-663,Entrante,32.11,Asia
664,Plato-664,Entrante,29.31,Asia
665,Plato-665,Entrante,16.81,Asia
666,Plato-666,Entrante,10.46,America
667,Plato-667,Entrante,31.07,Asia
668,Plato-668,Entrante,34.54,America
669,Plato-669,Principal,17.63,Asia
670,Plato-670,Entrante,30.79,America
671,Plato-671,Postre,20.81,Asia
672,Plato-672,Entrante,33.53,Asia
673,Plato-673,Principal,12.97,Europa
674,Plato-674,Principal,40.61,Asia
675,Plato-675,Postre,16.5,Asia
676,Plato-676,Entrante,19.71,Europa
677,Plato-677,Principal,7.32,America
678,Plato-678,Postre,9.46,Europa
679,Plato-679,Postre,25.63,Europa
680,Plato-680,Postre,15.7,America
681,Plato-681,Principal,38.42,Asia
682,Plato-682,Entrante,5.59,America
683,Plato-683,Principal,20.16,Asia
684,Plato-684,Postre,18.49,Asia
685,Plato-685,Principal,5.77,America
686,Plato-686,Principal,9.97,Europa
687,Plato-687,Principal,21.55,America
688,Plato-688,Principal,24.71,Asia
689,Plato-689,Entrante,21.17,America
690,Plato-690,Principal,26.24,America
691,Plato-691,Principal,28.81,Asia
692,Plato-692,Principal,5.4,Europa
693,Plato-693,Entrante,23.56,America
694,Plato-694,Entrante,43.54,Asia
695,Plato-695,Principal,25.76,Asia
696,Plato-696,Principal,32.1,America
697,Plato-697,Principal,17.47,Europa
698,Plato-698,Entrante,35.96,America
699,Plato-699,Principal,35.92,Europa
700,Plato-700,Principal,25.85,Europa
701,Plato-701,Entrante,44.04,Europa
702,Plato-702,Principal,10.02,Europa
703,Plato-703,Entrante,5.68,America
704,Plato-704,Entrante,35.81,Asia
705,Plato-705,Postre,37.29,Asia
706,Plato-706,Principal,9.81,Asia
707,Plato-707,Postre,15.62,Asia
708,Plato-708,Principal,5.7,Asia
709,Plato-709,Principal,16.73,Asia
710,Plato-710,Principal,35.93,America
711,Plato-711,Principal,25.72,Europa
712,Plato-712,Principal,18.92,Asia
713,Plato-713,Principal,19.87,America
714,Plato-714,Principal,5.05,Asia
715,Plato-715,Postre,16.99,Asia
716,Plato-716,Postre,30.86,Europa
717,Plato-717,Postre,43.97,Europa
718,Plato-718,Entrante,38.88,Europa
719,Plato-719,Principal,5.94,Asia
720,Plato-720,Postre,40.94,Asia
721,Plato-721,Entrante,36.33,Asia
722,Plato-722,Entrante,36.22,Europa
723,Plato-723,Principal,23.32,America
724,Plato-724,Principal,20.92,Asia
725,Plato-725,Postre,17.12,Asia
726,Plato-726,Entrante,7.63,Asia
727,Plato-727,Principal,14.13,America
728,Plato-728,Entrante,14.86,Asia
729,Plato-729,Entrante,24.36,America
730,Plato-730,Entrante,34.9,Asia
731,Plato-731,Postre,23.95,America
732,Plato-732,Principal,7.31,Asia
733,Plato-733,Principal,43.31,Europa
734,Plato-734,Principal,42.71,Europa
735,Plato-735,Postre,36.41,Europa
736,Plato-736,Principal,44.65,Europa
737,Plato-737,Postre,26.78,Asia
738,Plato-738,Principal,43.51,Europa
739,Plato-739,Principal,8.02,America
740,Plato-740,Principal,19.63,Europa
741,Plato-741,Principal,14.02,Europa
742,Plato-742,Principal,12.83,Europa
743,Plato-743,Principal,10.63,Asia
744,Plato-744,Entrante,29.9,Europa
745,Plato-745,Postre,36.25,America
746,Plato-746,Principal,28.13,Europa
747,Plato-747,Principal,10.88,Europa
748,Plato-748,Postre,37.44,Europa
749,Plato-749,Principal,30.44,America
750,Plato-750,Entrante,20.53,Europa
751,Plato-751,Postre,31.97,America
752,Plato-752,Principal,15.4,America
753,Plato-753,Principal,18.81,Europa
754,Plato-754,Entrante,41.7,America
755,Plato-755,Principal,16.62,Asia
756,Plato-756,Principal,23.8,Europa
757,Plato-757,Principal,40.61,Europa
758,Plato-758,Postre,33.31,America
759,Plato-759,Principal,7.49,America
760,Plato-760,Entrante,10.89,Europa
761,Plato-761,Principal,5.31,Asia
762,Plato-762,Entrante,30.24,America
763,Plato-763,Principal,22.91,America
764,Plato-764,Entrante,10.37,Asia
765,Plato-765,Principal,43.32,Asia
766,Plato-766,Principal,26.19,Europa
767,Plato-767,Postre,14.68,Asia
768,Plato-768,Principal,25.02,Europa
769,Plato-769,Postre,32.18,Asia
770,Plato-770,Entrante,8.05,America
771,Plato-771,Postre,15.99,Europa
772,Plato-772,Entrante,37.28,Europa
773,Plato-773,Principal,23.39,Europa
774,Plato-774,Principal,26.86,Asia
775,Plato-775,Entrante,22.31,America
776,Plato-776,Entrante,6.76,Europa
777,Plato-777,Principal,11.63,Europa
778,Plato-778,Principal,22.82,Europa
779,Plato-779,Principal,13.37,Europa
780,Plato-780,Principal,7.0,America
781,Plato-781,Principal,38.75,Asia
782,Plato-782,Principal,44.25,America
783,Plato-783,Principal,36.73,Europa
784,Plato-784,Entrante,39.15,America
785,Plato-785,Postre,14.68,Europa
786,Plato-786,Principal,43.43,Asia
787,Plato-787,Principal,12.88,Asia
788,Plato-788,Principal,43.06,Asia
789,Plato-789,Postre,44.79,Europa
790,Plato-790,Entrante,33.47,America
791,Plato-791,Principal,44.25,Asia
792,Plato-792,Principal,27.78,Europa
793,Plato-793,Principal,15.38,Europa
794,Plato-794,Entrante,22.48,America
795,Plato-795,Postre,28.74,Asia
796,Plato-796,Postre,7.92,Europa
797,Plato-797,Principal,29.89,America
798,Plato-798,Principal,44.25,Asia
799,Plato-799,Postre,12.6,America
800,Plato-800,Principal,36.7,America
801,Plato-801,Entrante,41.32,Europa
802,Plato-802,Principal,42.75,Europa
803,Plato-803,Principal,43.41,Europa
804,Plato-804,Principal,25.86,America
805,Plato-805,Principal,44.09,Europa
806,Plato-806,Postre,35.29,America
807,Plato-807,Postre,11.47,America
808,Plato-808,Principal,24.08,Europa
809,Plato-809,Entrante,33.73,Asia
810,Plato-810,Postre,14.89,Asia
811,Plato-811,Postre,30.62,Asia
812,Plato-812,Entrante,31.66,America
813,Plato-813,Postre,11.51,America
814,Plato-814,Postre,27.6,America
815,Plato-815,Principal,35.87,Europa
816,Plato-816,Principal,24.96,America
817,Plato-817,Principal,5.48,Europa
818,Plato-818,Entrante,5.36,Europa
819,Plato-819,Principal,19.28,Asia
820,Plato-820,Postre,42.05,Asia
821,Plato-821,Entrante,14.15,Asia
822,Plato-822,Principal,30.37,Europa
823,Plato-823,Principal,13.88,Europa
824,Plato-824,Principal,17.87,Europa
825,Plato-825,Postre,38.92,America
826,Plato-826,Principal,34.15,Europa
827,Plato-827,Principal,8.82,Asia
828,Plato-828,Principal,22.15,Asia
829,Plato-829,Principal,6.17,Europa
830,Plato-830,Entrante,24.24,Europa
831,Plato-831,Principal,31.5,Asia
832,Plato-832,Entrante,9.74,Europa
833,Plato-833,Entrante,16.56,Asia
834,Plato-834,Principal,20.91,America
835,Plato-835,Principal,41.78,Asia
836,Plato-836,Postre,44.73,America
837,Plato-837,Principal,6.8,Europa
838,Plato-838,Principal,35.44,Europa
839,Plato-839,Principal,19.87,America
840,Plato-840,Entrante,20.7,Europa
841,Plato-841,Principal,35.17,America
842,Plato-842,Entrante,41.74,Europa
843,Plato-843,Postre,43.04,Asia
844,Plato-844,Entrante,28.08,Europa
845,Plato-845,Principal,19.28,Asia
846,Plato-846,Entrante,36.5,Asia
847,Plato-847,Postre,15.04,America
848,Plato-848,Principal,27.56,Europa
849,Plato-849,Principal,19.34,America
850,Plato-850,Entrante,31.27,Europa
851,Plato-851,Principal,14.62,Asia
852,Plato-852,Entrante,12.66,Asia
853,Plato-853,Postre,41.73,Europa
854,Plato-854,Entrante,9.07,Europa
855,Plato-855,Entrante,25.24,America
856,Plato-856,Entrante,13.83,Europa
857,Plato-857,Principal,6.56,Europa
858,Plato-858,Principal,6.44,Europa
859,Plato-859,Entrante,12.01,America
860,Plato-860,Principal,39.67,Europa
861,Plato-861,Principal,16.3,Asia
862,Plato-862,Principal,43.02,America
863,Plato-863,Principal,28.26,America
864,Plato-864,Principal,22.46,Asia
865,Plato-865,Principal,28.2,Asia
866,Plato-866,Entrante,25.67,Asia
867,Plato-867,Entrante,35.35,Europa
868,Plato-868,Postre,16.3,Asia
869,Plato-869,Postre,19.12,Europa
870,Plato-870,Principal,40.76,America
871,Plato-871,Principal,42.86,America
872,Plato-872,Principal,40.7,Asia
873,Plato-873,Principal,21.78,Europa
874,Plato-874,Entrante,36.21,Asia
875,Plato-875,Entrante,24.05,Asia
876,Plato-876,Principal,24.9,Europa
877,Plato-877,Principal,13.19,Asia
878,Plato-878,Entrante,28.65,America
879,Plato-879,Entrante,12.45,Asia
880,Plato-880,Entrante,18.26,Europa
881,Plato-881,Principal,39.2,Europa
882,Plato-882,Entrante,13.28,America
883,Plato-883,Entrante,7.85,Europa
884,Plato-884,Principal,7.76,Europa
885,Plato-885,Entrante,42.63,America
886,Plato-886,Principal,25.28,Asia
887,Plato-887,Entrante,21.38,America
888,Plato-888,Entrante,37.44,Asia
889,Plato-889,Entrante,38.43,America
890,Plato-890,Principal,18.29,Asia
891,Plato-891,Postre,32.74,America
892,Plato-892,Postre,35.84,Asia
893,Plato-893,Principal,31.19,America
894,Plato-894,Principal,11.06,Asia
895,Plato-895,Entrante,40.04,America
896,Plato-896,Principal,26.56,Europa
897,Plato-897,Postre,16.3,Asia
898,Plato-898,Entrante,22.01,America
899,Plato-899,Entrante,6.5,Asia
900,Plato-900,Entrante,10.11,Asia
901,Plato-901,Entrante,35.62,America
902,Plato-902,Entrante,5.0,Asia
903,Plato-903,Principal,21.66,America
904,Plato-904,Principal,25.9,Europa
905,Plato-905,Postre,7.19,Asia
906,Plato-906,Postre,43.92,Europa
907,Plato-907,Principal,14.05,Asia
908,Plato-908,Principal,17.17,Asia
909,Plato-909,Principal,17.16,Asia
910,Plato-910,Principal,14.22,America
911,Plato-911,Principal,5.06,Europa
912,Plato-912,Principal,34.17,Asia
913,Plato-913,Principal,43.67,America
914,Plato-914,Principal,13.97,Asia
915,Plato-915,Principal,31.52,America
916,Plato-916,Principal,34.68,Asia
917,Plato-917,Postre,38.94,Europa
918,Plato-918,Principal,21.91,Europa
919,Plato-919,Entrante,17.12,Asia
920,Plato-920,Postre,18.01,America
921,Plato-921,Principal,33.5,Asia
922,Plato-922,Postre,37.67,America
923,Plato-923,Principal,12.26,Asia
924,Plato-924,Principal,19.84,America
925,Plato-925,Entrante,41.08,Europa
926,Plato-926,Principal,37.27,Asia
927,Plato-927,Principal,44.39,Europa
928,Plato-928,Principal,35.17,Europa
929,Plato-929,Principal,20.73,Asia
930,Plato-930,Entrante,28.63,Asia
931,Plato-931,Postre,31.44,America
932,Plato-932,Postre,8.14,America
933,Plato-933,Principal,26.78,Europa
934,Plato-934,Entrante,33.37,America
935,Plato-935,Principal,11.69,America
936,Plato-936,Entrante,36.23,Asia
937,Plato-937,Postre,28.35,America
938,Plato-938,Entrante,43.09,Europa
939,Plato-939,Principal,6.7,America
940,Plato-940,Principal,15.61,Europa
941,Plato-941,Principal,29.06,Asia
942,Plato-942,Principal,16.86,Europa
943,Plato-943,Postre,33.58,America
944,Plato-944,Entrante,35.36,Asia
945,Plato-945,Entrante,9.1,America
946,Plato-946,Entrante,25.55,Asia
947,Plato-947,Postre,25.36,Asia
948,Plato-948,Postre,19.77,America
949,Plato-949,Principal,42.32,America
950,Plato-950,Principal,38.1,Asia
951,Plato-951,Principal,32.89,Asia
952,Plato-952,Entrante,33.57,America
953,Plato-953,Postre,23.47,Europa
954,Plato-954,Principal,41.84,America
955,Plato-955,Principal,32.78,Asia
956,Plato-956,Principal,34.16,America
957,Plato-957,Entrante,39.47,Europa
958,Plato-958,Entrante,15.96,America
959,Plato-959,Principal,37.28,Asia
960,Plato-960,Entrante,12.81,America
961,Plato-961,Principal,18.81,Asia
962,Plato-962,Entrante,18.42,Asia
963,Plato-963,Principal,44.14,America
964,Plato-964,Principal,39.26,Asia
965,Plato-965,Principal,33.05,Asia
966,Plato-966,Principal,34.08,Europa
967,Plato-967,Principal,27.48,Europa
968,Plato-968,Principal,42.88,Europa
969,Plato-969,Principal,24.85,Europa
970,Plato-970,Principal,20.22,Asia
971,Plato-971,Postre,11.52,America
972,Plato-972,Principal,36.45,Asia
973,Plato-973,Entrante,34.38,Asia
974,Plato-974,Entrante,20.37,Asia
975,Plato-975,Principal,6.01,America
976,Plato-976,Principal,38.56,Europa
977,Plato-977,Entrante,5.46,Asia
978,Plato-978,Principal,33.15,Asia
979,Plato-979,Principal,43.81,Europa
980,Plato-980,Principal,22.51,Asia
981,Plato-981,Principal,14.4,America
982,Plato-982,Entrante,33.19,Asia
983,Plato-983,Entrante,37.69,Asia
984,Plato-984,Principal,26.86,Europa
985,Plato-985,Principal,43.68,Asia
986,Plato-986,Principal,7.07,Asia
987,Plato-987,Principal,25.19,America
988,Plato-988,Entrante,33.74,Europa
989,Plato-989,Postre,39.51,Europa
990,Plato-990,Principal,12.17,America
991,Plato-991,Principal,37.0,Asia
992,Plato-992,Principal,27.11,Europa
993,Plato-993,Principal,20.86,Europa
994,Plato-994,Principal,10.27,Asia
995,Plato-995,Entrante,39.61,Asia
996,Plato-996,Postre,11.29,Europa
997,Plato-997,Entrante,17.39,Asia
998,Plato-998,Postre,16.6,Europa
999,Plato-999,Principal,39.86,Asia
1000,Plato-1000,Entrante,31.91,Asia
1001,Plato-1001,Principal,36.87,America
1002,Plato-1002,Postre,15.02,Asia
1003,Plato-1003,Principal,29.99,America
1004,Plato-1004,Postre,27.87,Asia
1005,Plato-1005,Principal,38.31,Europa
1006,Plato-1006,Principal,41.24,Europa
1007,Plato-1007,Postre,5.49,Asia
1008,Plato-1008,Entrante,31.96,Asia
1009,Plato-1009,Principal,7.07,Europa
1010,Plato-1010,Entrante,26.95,Asia
1011,Plato-1011,Postre,16.51,America
1012,Plato-1012,Postre,17.27,America
1013,Plato-1013,Entrante,19.12,America
1014,Plato-1014,Principal,29.85,America
1015,Plato-1015,Postre,18.36,America
1016,Plato-1016,Entrante,34.31,Asia
1017,Plato-1017,Principal,21.18,Asia
1018,Plato-1018,Postre,7.73,America
1019,Plato-1019,Entrante,36.35,Asia
1020,Plato-1020,Principal,16.43,Asia
1021,Plato-1021,Principal,22.31,America
1022,Plato-1022,Postre,32.42,Asia
1023,Plato-1023,Postre,18.3,Asia
1024,Plato-1024,Postre,7.26,Asia
1025,Plato-1025,Principal,19.96,America
1026,Plato-1026,Postre,42.78,Asia
1027,Plato-1027,Postre,30.67,Europa
1028,Plato-1028,Principal,31.86,Europa
1029,Plato-1029,Postre,30.29,America
1030,Plato-1030,Entrante,12.96,Europa
1031,Plato-1031,Principal,21.73,America
1032,Plato-1032,Entrante,35.04,Europa
1033,Plato-1033,Entrante,9.05,Europa
1034,Plato-1034,Entrante,16.11,Europa
1035,Plato-1035,Principal,16.05,America
1036,Plato-1036,Principal,22.28,America
1037,Plato-1037,Principal,44.21,Asia
1038,Plato-1038,Entrante,7.7,America
1039,Plato-1039,Principal,25.75,Europa
1040,Plato-1040,Principal,12.17,Europa
1041,Plato-1041,Principal,43.83,America
1042,Plato-1042,Principal,9.53,America
1043,Plato-1043,Principal,21.14,America
1044,Plato-1044,Postre,34.52,Asia
1045,Plato-1045,Principal,33.18,Europa
1046,Plato-1046,Entrante,21.91,Asia
1047,Plato-1047,Entrante,18.86,Asia
1048,Plato-1048,Postre,20.9,Europa
1049,Plato-1049,Entrante,15.57,Europa
1050,Plato-1050,Postre,13.21,America
1051,Plato-1051,Principal,24.32,America
1052,Plato-1052,Postre,15.74,Asia
1053,Plato-1053,Principal,16.5,America
1054,Plato-1054,Postre,31.27,America
1055,Plato-1055,Principal,43.74,Europa
1056,Plato-1056,Principal,29.15,Europa
1057,Plato-1057,Principal,8.08,America
1058,Plato-1058,Principal,8.02,Europa
1059,Plato-1059,Principal,43.06,America
1060,Plato-1060,Postre,16.89,Europa
1061,Plato-1061,Postre,8.68,Europa
1062,Plato-1062,Principal,28.96,Europa
1063,Plato-1063,Principal,29.95,Europa
1064,Plato-1064,Principal,30.94,America
1065,Plato-1065,Principal,15.7,Asia
1066,Plato-1066,Entrante,5.6,Europa
1067,Plato-1067,Entrante,43.6,America
1068,Plato-1068,Principal,15.04,America
1069,Plato-1069,Principal,32.04,Europa
1070,Plato-1070,Principal,33.27,Asia
1071,Plato-1071,Entrante,29.4,Europa
1072,Plato-1072,Entrante,17.52,America
1073,Plato-1073,Entrante,15.84,Asia
1074,Plato-1074,Postre,28.91,America
1075,Plato-1075,Principal,39.64,Europa
1076,Plato-1076,Principal,42.87,Asia
1077,Plato-1077,Principal,9.24,America
1078,Plato-1078,Entrante,11.19,America
1079,Plato-1079,Postre,42.79,America
1080,Plato-1080,Principal,34.46,Europa
1081,Plato-1081,Entrante,40.32,Asia
1082,Plato-1082,Principal,13.11,Europa
1083,Plato-1083,Postre,28.5,Europa
1084,Plato-1084,Postre,33.05,Europa
1085,Plato-1085,Principal,32.2,Asia
1086,Plato-1086,Principal,21.33,Europa
1087,Plato-1087,Entrante,5.62,Europa
1088,Plato-1088,Postre,28.32,Europa
1089,Plato-1089,Entrante,15.12,Europa
1090,Plato-1090,Postre,23.01,America
1091,Plato-1091,Principal,43.3,Europa
1092,Plato-1092,Principal,20.96,America
1093,Plato-1093,Principal,38.59,Europa
1094,Plato-1094,Entrante,12.54,Asia
1095,Plato-1095,Entrante,31.9,America
1096,Plato-1096,Entrante,44.08,America
1097,Plato-1097,Entrante,9.08,America
1098,Plato-1098,Principal,5.33,America
1099,Plato-1099,Principal,22.34,Asia
1100,Plato-1100,Entrante,8.71,Europa
1101,Plato-1101,Postre,34.94,America
1102,Plato-1102,Postre,41.58,Asia
1103,Plato-1103,Postre,22.36,America
1104,Plato-1104,Postre,15.35,Europa
1105,Plato-1105,Entrante,22.38,America
1106,Plato-1106,Principal,33.94,Asia
1107,Plato-1107,Principal,5.36,Europa
1108,Plato-1108,Principal,28.58,Asia
1109,Plato-1109,Entrante,29.53,Europa
1110,Plato-1110,Postre,30.51,Europa
1111,Plato-1111,Entrante,14.68,Europa
1112,Plato-1112,Entrante,33.56,America
1113,Plato-1113,Principal,8.66,Asia
1114,Plato-1114,Principal,12.97,Asia
1115,Plato-1115,Principal,40.1,Asia
1116,Plato-1116,Entrante,34.55,Europa
1117,Plato-1117,Postre,5.55,America
1118,Plato-1118,Principal,14.94,Europa
1119,Plato-1119,Entrante,13.58,Asia
1120,Plato-1120,Postre,15.83,America
1121,Plato-1121,Postre,14.9,America
1122,Plato-1122,Postre,7.5,America
1123,Plato-1123,Postre,23.36,Asia
1124,Plato-1124,Principal,34.31,America
1125,Plato-1125,Principal,29.27,America
1126,Plato-1126,Entrante,31.91,Europa
1127,Plato-1127,Principal,8.25,Europa
1128,Plato-1128,Principal,43.06,America
1129,Plato-1129,Principal,38.54,America
1130,Plato-1130,Principal,37.2,Europa
1131,Plato-1131,Principal,37.92,Europa
1132,Plato-1132,Entrante,42.31,Europa
1133,Plato-1133,Entrante,26.77,Asia
1134,Plato-1134,Principal,13.01,Asia
1135,Plato-1135,Entrante,29.67,Europa
1136,Plato-1136,Postre,34.72,America
1137,Plato-1137,Principal,34.52,Europa
1138,Plato-1138,Principal,25.86,Asia
1139,Plato-1139,Principal,7.74,America
1140,Plato-1140,Postre,19.84,Asia
1141,Plato-1141,Principal,41.83,America
1142,Plato-1142,Principal,28.38,Asia
1143,Plato-1143,Principal,26.53,America
1144,Plato-1144,Principal,15.75,America
1145,Plato-1145,Postre,19.74,America
1146,Plato-1146,Principal,40.81,America
1147,Plato-1147,Principal,31.66,Asia
1148,Plato-1148,Postre,36.5,Asia
1149,Plato-1149,Postre,23.17,America
1150,Plato-1150,Principal,30.21,America
1151,Plato-1151,Postre,14.94,Asia
1152,Plato-1152,Principal,33.22,America
1153,Plato-1153,Principal,22.1,America
1154,Plato-1154,Principal,22.7,America
1155,Plato-1155,Principal,30.97,Europa
1156,Plato-1156,Entrante,42.45,America
1157,Plato-1157,Postre,7.56,Europa
1158,Plato-1158,Postre,37.99,America
1159,Plato-1159,Entrante,16.7,Asia
1160,Plato-1160,Postre,22.76,Europa
1161,Plato-1161,Entrante,5.88,Europa
1162,Plato-1162,Principal,17.04,America
1163,Plato-1163,Principal,25.11,America
1164,Plato-1164,Entrante,7.25,Europa
1165,Plato-1165,Postre,24.64,Asia
1166,Plato-1166,Postre,42.08,Asia
1167,Plato-1167,Principal,9.22,America
1168,Plato-1168,Entrante,35.58,Asia
1169,Plato-1169,Principal,21.39,Asia
1170,Plato-1170,Principal,31.21,America
1171,Plato-1171,Postre,15.41,Asia
1172,Plato-1172,Principal,11.38,America
1173,Plato-1173,Principal,11.42,Europa
1174,Plato-1174,Principal,7.82,America
1175,Plato-1175,Principal,12.43,Europa
1176,Plato-1176,Principal,31.57,Europa
1177,Plato-1177,Entrante,40.27,Asia
1178,Plato-1178,Principal,37.57,Asia
1179,Plato-1179,Principal,32.41,Asia
1180,Plato-1180,Postre,9.42,America
1181,Plato-1181,Principal,16.57,Asia
1182,Plato-1182,Principal,17.39,Europa
1183,Plato-1183,Postre,15.0,Asia
1184,Plato-1184,Entrante,25.6,Asia
1185,Plato-1185,Postre,26.42,America
1186,Plato-1186,Principal,19.28,America
1187,Plato-1187,Entrante,19.15,Europa
1188,Plato-1188,Principal,38.14,America
1189,Plato-1189,Principal,36.57,Asia
1190,Plato-1190,Entrante,17.31,America
1191,Plato-1191,Principal,41.55,Europa
1192,Plato-1192,Principal,43.11,Asia
1193,Plato-1193,Principal,18.07,Europa
1194,Plato-1194,Entrante,19.18,America
1195,Plato-1195,Postre,25.23,America
1196,Plato-1196,Postre,42.64,Europa
1197,Plato-1197,Postre,40.05,Asia
1198,Plato-1198,Principal,9.1,America
1199,Plato-1199,Entrante,20.71,America
1200,Plato-1200,Principal,27.13,Asia
1201,Plato-1201,Entrante,25.13,America
1202,Plato-1202,Entrante,12.75,Europa
1203,Plato-1203,Principal,39.35,America
1204,Plato-1204,Principal,32.08,America
1205,Plato-1205,Principal,38.52,Asia
1206,Plato-1206,Principal,39.35,Europa
1207,Plato-1207,Principal,34.93,Asia
1208,Plato-1208,Principal,22.57,America
1209,Plato-1209,Postre,29.42,America
1210,Plato-1210,Principal,11.41,Asia
1211,Plato-1211,Principal,31.95,Asia
1212,Plato-1212,Entrante,12.17,Asia
1213,Plato-1213,Principal,32.76,Europa
1214,Plato-1214,Principal,14.18,America
1215,Plato-1215,Entrante,9.7,Asia
1216,Plato-1216,Entrante,11.61,America
1217,Plato-1217,Principal,5.08,Europa
1218,Plato-1218,Principal,33.75,Europa
1219,Plato-1219,Principal,34.3,Europa
1220,Plato-1220,Postre,25.6,Europa
1221,Plato-1221,Entrante,11.45,America
1222,Plato-1222,Principal,8.34,Europa
1223,Plato-1223,Postre,5.77,Europa
1224,Plato-1224,Principal,11.63,Asia
1225,Plato-1225,Principal,40.63,Europa
1226,Plato-1226,Principal,14.66,Asia
1227,Plato-1227,Principal,19.17,Europa
1228,Plato-1228,Postre,9.21,Europa
1229,Plato-1229,Principal,13.89,Asia
1230,Plato-1230,Postre,25.77,Europa
1231,Plato-1231,Entrante,29.31,America
1232,Plato-1232,Entrante,14.81,America
1233,Plato-1233,Entrante,7.31,Europa
1234,Plato-1234,Principal,20.64,America
1235,Plato-1235,Principal,14.37,Asia
1236,Plato-1236,Postre,13.78,Europa
1237,Plato-1237,Principal,43.39,Europa
1238,Plato-1238,Postre,29.65,Asia
1239,Plato-1239,Entrante,27.28,Asia
1240,Plato-1240,Postre,21.63,Asia
1241,Plato-1241,Principal,22.16,Europa
1242,Plato-1242,Principal,26.64,Asia
1243,Plato-1243,Postre,32.86,Asia
1244,Plato-1244,Principal,33.09,America
1245,Plato-1245,Principal,11.87,America
1246,Plato-1246,Entrante,25.0,Europa
1247,Plato-1247,Entrante,21.48,America
1248,Plato-1248,Postre,39.82,America
1249,Plato-1249,Principal,30.26,Asia
1250,Plato-1250,Principal,26.3,Asia
1251,Plato-1251,Principal,9.62,America
1252,Plato-1252,Entrante,29.23,America
1253,Plato-1253,Entrante,9.69,America
1254,Plato-1254,Principal,18.49,Europa
1255,Plato-1255,Principal,10.71,Europa
1256,Plato-1256,Entrante,32.68,Europa
1257,Plato-1257,Principal,13.25,America
1258,Plato-1258,Entrante,20.67,America
1259,Plato-1259,Principal,40.83,Europa
1260,Plato-1260,Principal,13.17,Europa
1261,Plato-1261,Principal,25.31,America
1262,Plato-1262,Principal,21.77,Asia
1263,Plato-1263,Principal,5.72,Europa
1264,Plato-1264,Entrante,36.71,America
1265,Plato-1265,Entrante,7.76,America
1266,Plato-1266,Principal,23.97,Asia
1267,Plato-1267,Principal,27.43,America
1268,Plato-1268,Principal,30.14,America
1269,Plato-1269,Principal,32.55,Europa
1270,Plato-1270,Principal,15.13,Europa
1271,Plato-1271,Postre,5.4,Asia
1272,Plato-1272,Principal,33.94,Asia
1273,Plato-1273,Entrante,26.43,America
1274,Plato-1274,Principal,38.44,Europa
1275,Plato-1275,Entrante,37.86,Asia
1276,Plato-1276,Entrante,38.73,Asia
1277,Plato-1277,Postre,24.4,Asia
1278,Plato-1278,Entrante,18.35,America
1279,Plato-1279,Principal,36.66,Europa
1280,Plato-1280,Principal,23.05,Asia
1281,Plato-1281,Principal,12.34,Europa
1282,Plato-1282,Principal,39.2,Asia
1283,Plato-1283,Entrante,40.3,Asia
1284,Plato-1284,Principal,23.65,Europa
1285,Plato-1285,Principal,8.03,Europa
1286,Plato-1286,Entrante,20.51,Europa
1287,Plato-1287,Principal,37.14,America
1288,Plato-1288,Entrante,41.07,Asia
1289,Plato-1289,Entrante,13.14,America
1290,Plato-1290,Principal,7.68,Europa
1291,Plato-1291,Entrante,40.09,Asia
1292,Plato-1292,Principal,20.58,America
1293,Plato-1293,Principal,26.67,Asia
1294,Plato-1294,Postre,43.72,America
1295,Plato-1295,Entrante,7.66,Europa
1296,Plato-1296,Entrante,30.93,America
1297,Plato-1297,Entrante,7.96,Asia
1298,Plato-1298,Principal,20.02,Asia
1299,Plato-1299,Principal,37.15,Asia
1300,Plato-1300,Entrante,22.34,Asia
1301,Plato-1301,Postre,44.89,Europa
1302,Plato-1302,Entrante,27.36,America
1303,Plato-1303,Principal,17.85,Europa
1304,Plato-1304,Principal,13.8,Europa
1305,Plato-1305,Postre,19.02,Europa
1306,Plato-1306,Principal,19.9,Asia
1307,Plato-1307,Postre,7.75,Asia
1308,Plato-1308,Principal,19.78,Asia
1309,Plato-1309,Postre,23.57,America
1310,Plato-1310,Entrante,33.91,Asia
1311,Plato-1311,Postre,31.27,America
1312,Plato-1312,Principal,33.35,Asia
1313,Plato-1313,Postre,5.33,Asia
1314,Plato-1314,Principal,13.71,Europa
1315,Plato-1315,Principal,31.47,Europa
1316,Plato-1316,Principal,24.36,Europa
1317,Plato-1317,Principal,5.21,America
1318,Plato-1318,Entrante,37.18,America
1319,Plato-1319,Entrante,35.91,Asia
1320,Plato-1320,Entrante,26.94,America
1321,Plato-1321,Entrante,7.66,Asia
1322,Plato-1322,Postre,35.66,America
1323,Plato-1323,Entrante,28.35,America
1324,Plato-1324,Postre,36.28,America
1325,Plato-1325,Principal,35.07,Europa
1326,Plato-1326,Entrante,37.12,America
1327,Plato-1327,Principal,25.72,Europa
1328,Plato-1328,Principal,10.61,Europa
1329,Plato-1329,Principal,31.85,America
1330,Plato-1330,Principal,29.82,Asia
1331,Plato-1331,Principal,34.69,Asia
1332,Plato-1332,Entrante,11.8,Asia
1333,Plato-1333,Postre,12.8,America
1334,Plato-1334,Postre,40.62,Asia
1335,Plato-1335,Principal,35.0,Europa
1336,Plato-1336,Entrante,41.33,Asia
1337,Plato-1337,Principal,35.35,America
1338,Plato-1338,Entrante,28.89,Asia
1339,Plato-1339,Entrante,31.17,Europa
1340,Plato-1340,Principal,40.57,America
1341,Plato-1341,Principal,28.15,Asia
1342,Plato-1342,Postre,30.3,America
1343,Plato-1343,Principal,11.26,America
1344,Plato-1344,Principal,23.96,America
1345,Plato-1345,Principal,33.66,Asia
1346,Plato-1346,Principal,15.84,America
1347,Plato-1347,Principal,13.09,Asia
1348,Plato-1348,Postre,17.55,Europa
1349,Plato-1349,Entrante,14.66,Asia
1350,Plato-1350,Postre,13.6,Europa
1351,Plato-1351,Principal,21.99,Asia
1352,Plato-1352,Principal,41.31,America
1353,Plato-1353,Principal,25.28,Asia
1354,Plato-1354,Principal,12.52,America
1355,Plato-1355,Postre,8.08,Europa
1356,Plato-1356,Postre,32.85,Asia
1357,Plato-1357,Principal,20.31,America
1358,Plato-1358,Principal,37.87,Europa
1359,Plato-1359,Principal,31.38,Europa
1360,Plato-1360,Postre,36.85,Asia
1361,Plato-1361,Entrante,15.88,Europa
1362,Plato-1362,Principal,32.69,America
1363,Plato-1363,Principal,15.56,Europa
1364,Plato-1364,Principal,42.56,Europa
1365,Plato-1365,Entrante,30.45,America
1366,Plato-1366,Principal,17.98,Europa
1367,Plato-1367,Postre,15.78,Europa
1368,Plato-1368,Entrante,12.64,Europa
1369,Plato-1369,Entrante,32.79,Europa
1370,Plato-1370,Postre,13.75,America
1371,Plato-1371,Entrante,28.81,Europa
1372,Plato-1372,Postre,15.59,America
1373,Plato-1373,Principal,31.48,Europa
1374,Plato-1374,Entrante,37.6,Europa
1375,Plato-1375,Postre,36.12,Europa
1376,Plato-1376,Principal,35.43,Europa
1377,Plato-1377,Principal,12.51,America
1378,Plato-1378,Principal,8.54,America
1379,Plato-1379,Principal,32.96,America
1380,Plato-1380,Entrante,19.73,Asia
1381,Plato-1381,Principal,22.29,Europa
1382,Plato-1382,Postre,6.25,Europa
1383,Plato-1383,Principal,15.38,America
1384,Plato-1384,Principal,6.35,Asia
1385,Plato-1385,Principal,40.17,Europa
1386,Plato-1386,Principal,14.74,America
1387,Plato-1387,Entrante,27.29,Europa
1388,Plato-1388,Postre,6.56,Europa
1389,Plato-1389,Principal,31.67,America
1390,Plato-1390,Entrante,17.92,America
1391,Plato-1391,Entrante,40.92,Europa
1392,Plato-1392,Entrante,40.52,Europa
1393,Plato-1393,Principal,18.01,America
1394,Plato-1394,Principal,41.04,Europa
1395,Plato-1395,Postre,44.85,Europa
1396,Plato-1396,Principal,38.02,America
1397,Plato-1397,Entrante,38.79,Europa
1398,Plato-1398,Principal,14.96,Europa
1399,Plato-1399,Principal,28.07,Asia
1400,Plato-1400,Entrante,7.69,America
1401,Plato-1401,Entrante,8.8,Asia
1402,Plato-1402,Entrante,44.96,Asia
1403,Plato-1403,Principal,18.07,Asia
1404,Plato-1404,Principal,34.93,Europa
1405,Plato-1405,Principal,37.27,Europa
1406,Plato-1406,Postre,39.32,Asia
1407,Plato-1407,Postre,44.91,Asia
1408,Plato-1408,Principal,14.66,Asia
1409,Plato-1409,Postre,6.61,Europa
1410,Plato-1410,Entrante,21.45,Asia
1411,Plato-1411,Entrante,10.2,Asia
1412,Plato-1412,Principal,5.9,America
1413,Plato-1413,Entrante,19.42,America
1414,Plato-1414,Principal,36.35,Europa
1415,Plato-1415,Postre,27.65,America
1416,Plato-1416,Entrante,17.51,America
1417,Plato-1417,Entrante,31.17,America
1418,Plato-1418,Principal,14.28,Europa
1419,Plato-1419,Postre,5.58,America
1420,Plato-1420,Principal,35.57,Europa
1421,Plato-1421,Principal,29.95,Asia
1422,Plato-1422,Entrante,35.49,America
1423,Plato-1423,Entrante,6.56,Europa
1424,Plato-1424,Postre,38.48,America
1425,Plato-1425,Postre,29.78,Asia
1426,Plato-1426,Entrante,27.54,Europa
1427,Plato-1427,Postre,29.98,Europa
1428,Plato-1428,Principal,39.58,Europa
1429,Plato-1429,Postre,28.48,Asia
1430,Plato-1430,Principal,28.24,Asia
1431,Plato-1431,Principal,44.63,Asia
1432,Plato-1432,Principal,35.27,Europa
1433,Plato-1433,Principal,22.69,Asia
1434,Plato-1434,Entrante,33.3,America
1435,Plato-1435,Entrante,20.57,Asia
1436,Plato-1436,Principal,14.16,Europa
1437,Plato-1437,Principal,28.87,America
1438,Plato-1438,Entrante,42.13,Asia
1439,Plato-1439,Principal,42.17,America
1440,Plato-1440,Postre,18.68,America
1441,Plato-1441,Entrante,26.11,Europa
1442,Plato-1442,Principal,13.47,America
1443,Plato-1443,Principal,44.83,America
1444,Plato-1444,Postre,44.24,Europa
1445,Plato-1445,Entrante,30.98,Europa
1446,Plato-1446,Principal,37.18,Europa
1447,Plato-1447,Postre,33.6,America
1448,Plato-1448,Postre,28.73,America
1449,Plato-1449,Principal,7.13,America
1450,Plato-1450,Principal,23.19,Europa
1451,Plato-1451,Principal,31.99,Asia
1452,Plato-1452,Postre,32.1,America
1453,Plato-1453,Principal,19.92,Asia
1454,Plato-1454,Entrante,42.67,Europa
1455,Plato-1455,Postre,11.69,America
1456,Plato-1456,Principal,25.01,Asia
1457,Plato-1457,Principal,32.64,America
1458,Plato-1458,Entrante,32.89,America
1459,Plato-1459,Principal,30.95,America
1460,Plato-1460,Principal,16.01,Asia
1461,Plato-1461,Principal,11.25,Europa
1462,Plato-1462,Entrante,30.44,America
1463,Plato-1463,Principal,28.97,Europa
1464,Plato-1464,Postre,12.17,Europa
1465,Plato-1465,Entrante,33.21,Asia
1466,Plato-1466,Postre,23.21,Asia
1467,Plato-1467,Principal,31.71,Europa
1468,Plato-1468,Postre,38.49,America
1469,Plato-1469,Principal,11.79,Asia
1470,Plato-1470,Principal,5.77,America
1471,Plato-1471,Principal,36.16,America
1472,Plato-1472,Postre,29.39,America
1473,Plato-1473,Principal,32.99,Europa
1474,Plato-1474,Principal,38.53,America
1475,Plato-1475,Principal,37.11,Europa
1476,Plato-1476,Postre,43.44,Europa
1477,Plato-1477,Principal,26.44,America
1478,Plato-1478,Principal,24.54,America
1479,Plato-1479,Principal,21.08,America
1480,Plato-1480,Postre,11.15,America
1481,Plato-1481,Entrante,27.9,Europa
1482,Plato-1482,Principal,16.08,America
1483,Plato-1483,Entrante,41.85,America
1484,Plato-1484,Principal,28.33,Europa
1485,Plato-1485,Principal,28.71,Asia
1486,Plato-1486,Principal,19.2,Asia
1487,Plato-1487,Principal,7.08,Europa
1488,Plato-1488,Principal,6.27,Asia
1489,Plato-1489,Principal,21.93,Europa
1490,Plato-1490,Entrante,8.38,America
1491,Plato-1491,Principal,29.27,America
1492,Plato-1492,Entrante,40.24,Asia
1493,Plato-1493,Entrante,40.32,America
1494,Plato-1494,Principal,31.36,Asia
1495,Plato-1495,Principal,13.45,Asia
1496,Plato-1496,Principal,39.52,America
1497,Plato-1497,Principal,40.44,America
1498,Plato-1498,Principal,12.87,Asia
1499,Plato-1499,Postre,34.5,America
1500,Plato-1500,Principal,16.46,Europa
1501,Plato-1501,Principal,37.11,America
1502,Plato-1502,Entrante,44.89,America
1503,Plato-1503,Principal,6.2,Europa
1504,Plato-1504,Principal,40.89,America
1505,Plato-1505,Principal,29.91,America
1506,Plato-1506,Principal,43.94,Asia
1507,Plato-1507,Principal,23.6,America
1508,Plato-1508,Principal,38.9,America
1509,Plato-1509,Principal,7.5,Europa
1510,Plato-1510,Postre,18.41,Asia
1511,Plato-1511,Principal,7.68,Asia
1512,Plato-1512,Postre,44.01,Asia
1513,Plato-1513,Entrante,37.68,America
1514,Plato-1514,Entrante,39.1,Asia
1515,Plato-1515,Entrante,42.52,Europa
1516,Plato-1516,Principal,8.4,Asia
1517,Plato-1517,Postre,20.42,Europa
1518,Plato-1518,Entrante,7.84,Asia
1519,Plato-1519,Postre,13.43,Asia
1520,Plato-1520,Entrante,14.17,Europa
1521,Plato-1521,Postre,23.76,Asia
1522,Plato-1522,Principal,15.74,Asia
1523,Plato-1523,Entrante,9.04,Asia
1524,Plato-1524,Principal,11.7,America
1525,Plato-1525,Principal,10.89,Europa
1526,Plato-1526,Principal,43.92,Asia
1527,Plato-1527,Principal,35.37,Europa
1528,Plato-1528,Postre,43.71,Europa
1529,Plato-1529,Principal,22.59,Europa
1530,Plato-1530,Principal,16.13,Asia
1531,Plato-1531,Principal,36.93,Asia
1532,Plato-1532,Principal,18.05,Europa
1533,Plato-1533,Principal,16.98,America
1534,Plato-1534,Principal,14.3,Europa
1535,Plato-1535,Entrante,10.19,America
1536,Plato-1536,Entrante,15.26,Europa
1537,Plato-1537,Principal,19.21,Europa
1538,Plato-1538,Entrante,31.96,Europa
1539,Plato-1539,Principal,7.5,Asia
1540,Plato-1540,Principal,13.42,America
1541,Plato-1541,Entrante,37.36,America
1542,Plato-1542,Principal,10.88,Europa
1543,Plato-1543,Principal,18.71,Asia
1544,Plato-1544,Postre,39.59,Asia
1545,Plato-1545,Principal,11.2,America
1546,Plato-1546,Postre,8.31,Asia
1547,Plato-1547,Principal,24.38,America
1548,Plato-1548,Entrante,17.1,America
1549,Plato-1549,Principal,27.54,America
1550,Plato-1550,Postre,37.15,Asia
1551,Plato-1551,Principal,10.49,America
1552,Plato-1552,Postre,28.23,America
1553,Plato-1553,Postre,25.22,Europa
1554,Plato-1554,Entrante,10.76,America
1555,Plato-1555,Entrante,29.96,America
1556,Plato-1556,Principal,15.95,Europa
1557,Plato-1557,Principal,24.51,Europa
1558,Plato-1558,Postre,8.29,Asia
1559,Plato-1559,Postre,23.38,America
1560,Plato-1560,Principal,17.26,Asia
1561,Plato-1561,Entrante,37.9,Asia
1562,Plato-1562,Principal,7.28,Europa
1563,Plato-1563,Principal,21.74,Asia
1564,Plato-1564,Postre,23.34,America
1565,Plato-1565,Principal,34.0,Europa
1566,Plato-1566,Principal,27.97,America
1567,Plato-1567,Entrante,31.69,America
1568,Plato-1568,Principal,36.08,Europa
1569,Plato-1569,Principal,39.49,America
1570,Plato-1570,Principal,17.56,Europa
1571,Plato-1571,Entrante,26.52,America
1572,Plato-1572,Principal,38.6,Europa
1573,Plato-1573,Postre,44.58,Asia
1574,Plato-1574,Entrante,40.58,America
1575,Plato-1575,Entrante,19.86,Europa
1576,Plato-1576,Entrante,12.81,America
1577,Plato-1577,Principal,24.58,America
1578,Plato-1578,Principal,34.67,America
1579,Plato-1579,Principal,24.7,Europa
1580,Plato-1580,Entrante,24.33,Asia
1581,Plato-1581,Principal,38.53,Asia
1582,Plato-1582,Principal,19.46,Asia
1583,Plato-1583,Principal,39.39,Europa
1584,Plato-1584,Postre,21.27,Asia
1585,Plato-1585,Entrante,18.13,Europa
1586,Plato-1586,Principal,23.16,America
1587,Plato-1587,Principal,35.5,America
1588,Plato-1588,Principal,10.04,Asia
1589,Plato-1589,Principal,12.86,Europa
1590,Plato-1590,Principal,43.06,America
1591,Plato-1591,Postre,12.02,Europa
1592,Plato-1592,Entrante,27.71,Europa
1593,Plato-1593,Entrante,28.17,America
1594,Plato-1594,Principal,24.58,Europa
1595,Plato-1595,Principal,30.79,America
1596,Plato-1596,Principal,14.19,America
1597,Plato-1597,Entrante,27.11,America
1598,Plato-1598,Entrante,19.89,Europa
1599,Plato-1599,Postre,31.47,America
1600,Plato-1600,Entrante,10.65,Europa
1601,Plato-1601,Principal,27.84,America
1602,Plato-1602,Entrante,12.41,America
1603,Plato-1603,Principal,16.15,Asia
1604,Plato-1604,Entrante,13.75,Asia
1605,Plato-1605,Principal,12.31,Asia
1606,Plato-1606,Entrante,38.03,Europa
1607,Plato-1607,Postre,16.43,Europa
1608,Plato-1608,Entrante,42.08,America
1609,Plato-1609,Principal,43.8,America
1610,Plato-1610,Postre,27.85,America
1611,Plato-1611,Principal,10.72,America
1612,Plato-1612,Principal,19.98,Europa
1613,Plato-1613,Principal,36.91,America
1614,Plato-1614,Principal,19.7,America
1615,Plato-1615,Principal,8.48,Asia
1616,Plato-1616,Postre,27.27,America
1617,Plato-1617,Principal,38.8,America
1618,Plato-1618,Principal,36.84,America
1619,Plato-1619,Principal,12.0,Europa
1620,Plato-1620,Principal,31.91,Asia
1621,Plato-1621,Entrante,13.82,America
1622,Plato-1622,Principal,13.73,America
1623,Plato-1623,Postre,39.96,Asia
1624,Plato-1624,Entrante,14.99,America
1625,Plato-1625,Principal,15.53,Europa
1626,Plato-1626,Entrante,5.03,America
1627,Plato-1627,Principal,39.83,Europa
1628,Plato-1628,Entrante,36.7,Europa
1629,Plato-1629,Principal,30.09,America
1630,Plato-1630,Principal,35.01,Asia
1631,Plato-1631,Principal,11.08,Europa
1632,Plato-1632,Principal,23.33,Asia
1633,Plato-1633,Principal,19.05,America
1634,Plato-1634,Postre,8.75,Europa
1635,Plato-1635,Entrante,24.45,America
1636,Plato-1636,Principal,41.83,Asia
1637,Plato-1637,Entrante,6.6,America
1638,Plato-1638,Postre,16.66,America
1639,Plato-1639,Postre,13.3,Europa
1640,Plato-1640,Principal,14.53,America
1641,Plato-1641,Postre,41.34,America
1642,Plato-1642,Principal,23.72,America
1643,Plato-1643,Principal,23.65,Europa
1644,Plato-1644,Entrante,35.42,Asia
1645,Plato-1645,Principal,11.18,Asia
1646,Plato-1646,Entrante,24.49,America
1647,Plato-1647,Postre,22.2,Europa
1648,Plato-1648,Principal,28.88,America
1649,Plato-1649,Principal,44.98,Asia
1650,Plato-1650,Entrante,35.78,Europa
1651,Plato-1651,Principal,20.91,Asia
1652,Plato-1652,Principal,38.1,Asia
1653,Plato-1653,Principal,11.83,Europa
1654,Plato-1654,Entrante,6.22,Europa
1655,Plato-1655,Postre,13.18,America
1656,Plato-1656,Principal,18.62,America
1657,Plato-1657,Principal,25.42,Asia
1658,Plato-1658,Principal,29.61,Europa
1659,Plato-1659,Principal,41.42,Europa
1660,Plato-1660,Principal,25.39,America
1661,Plato-1661,Principal,25.05,Asia
1662,Plato-1662,Postre,7.01,Asia
1663,Plato-1663,Principal,6.4,America
1664,Plato-1664,Postre,27.05,Europa
1665,Plato-1665,Postre,22.53,America
1666,Plato-1666,Entrante,38.57,America
1667,Plato-1667,Postre,11.43,America
1668,Plato-1668,Entrante,6.0,America
1669,Plato-1669,Postre,22.96,Europa
1670,Plato-1670,Principal,14.5,America
1671,Plato-1671,Postre,6.98,Europa
1672,Plato-1672,Postre,33.98,America
1673,Plato-1673,Postre,9.46,Asia
1674,Plato-1674,Principal,29.33,Europa
1675,Plato-1675,Principal,16.24,Asia
1676,Plato-1676,Entrante,11.94,America
1677,Plato-1677,Principal,20.19,America
1678,Plato-1678,Entrante,37.06,America
1679,Plato-1679,Principal,20.68,Europa
1680,Plato-1680,Principal,35.03,Asia
1681,Plato-1681,Postre,10.02,Europa
1682,Plato-1682,Principal,35.91,Europa
1683,Plato-1683,Postre,14.48,America
1684,Plato-1684,Entrante,32.1,Asia
1685,Plato-1685,Postre,27.63,America
1686,Plato-1686,Postre,42.17,Europa
1687,Plato-1687,Principal,20.49,America
1688,Plato-1688,Principal,7.65,Asia
1689,Plato-1689,Principal,5.77,America
1690,Plato-1690,Entrante,38.07,Asia
1691,Plato-1691,Principal,25.99,Asia
1692,Plato-1692,Principal,36.01,America
1693,Plato-1693,Entrante,14.38,Europa
1694,Plato-1694,Principal,18.8,America
1695,Plato-1695,Entrante,6.2,Europa
1696,Plato-1696,Entrante,43.46,Europa
1697,Plato-1697,Entrante,31.71,America
1698,Plato-1698,Postre,42.33,Europa
1699,Plato-1699,Principal,15.62,Europa
1700,Plato-1700,Postre,29.46,America
1701,Plato-1701,Principal,32.14,America
1702,Plato-1702,Principal,17.7,America
1703,Plato-1703,Principal,38.92,Europa
1704,Plato-1704,Principal,42.89,Asia
1705,Plato-1705,Entrante,40.39,Europa
1706,Plato-1706,Principal,34.56,Asia
1707,Plato-1707,Entrante,16.1,America
1708,Plato-1708,Principal,16.26,Asia
1709,Plato-1709,Principal,43.53,America
1710,Plato-1710,Entrante,5.41,America
1711,Plato-1711,Entrante,33.64,Asia
1712,Plato-1712,Principal,33.25,America
1713,Plato-1713,Principal,29.91,Asia
1714,Plato-1714,Entrante,44.6,America
1715,Plato-1715,Postre,17.48,Europa
1716,Plato-1716,Entrante,18.6,Europa
1717,Plato-1717,Principal,8.16,America
1718,Plato-1718,Postre,22.71,America
1719,Plato-1719,Entrante,15.44,Asia
1720,Plato-1720,Entrante,18.74,Europa
1721,Plato-1721,Entrante,38.38,Asia
1722,Plato-1722,Principal,42.42,America
1723,Plato-1723,Entrante,12.43,America
1724,Plato-1724,Principal,19.9,Asia
1725,Plato-1725,Entrante,42.15,America
1726,Plato-1726,Principal,7.47,Europa
1727,Plato-1727,Postre,8.69,Asia
1728,Plato-1728,Postre,11.51,Europa
1729,Plato-1729,Principal,28.81,Europa
1730,Plato-1730,Principal,11.02,Europa
1731,Plato-1731,Principal,43.72,Asia
1732,Plato-1732,Principal,22.87,America
1733,Plato-1733,Principal,25.06,Europa
1734,Plato-1734,Entrante,14.87,Europa
1735,Plato-1735,Postre,23.84,Europa
1736,Plato-1736,Principal,31.48,America
1737,Plato-1737,Entrante,35.05,America
1738,Plato-1738,Principal,35.15,Asia
1739,Plato-1739,Principal,28.12,America
1740,Plato-1740,Postre,41.17,Asia
1741,Plato-1741,Principal,37.7,Asia
1742,Plato-1742,Principal,35.28,Asia
1743,Plato-1743,Entrante,7.22,Asia
1744,Plato-1744,Principal,5.28,Asia
1745,Plato-1745,Principal,13.5,Europa
1746,Plato-1746,Entrante,31.54,America
1747,Plato-1747,Principal,21.45,Europa
1748,Plato-1748,Principal,21.1,Asia
1749,Plato-1749,Entrante,40.38,America
1750,Plato-1750,Principal,40.82,Europa
1751,Plato-1751,Entrante,41.37,Europa
1752,Plato-1752,Entrante,17.56,Asia
1753,Plato-1753,Entrante,32.64,Europa
1754,Plato-1754,Postre,15.87,Europa
1755,Plato-1755,Postre,12.62,Europa
1756,Plato-1756,Postre,12.39,Europa
1757,Plato-1757,Principal,18.68,Europa
1758,Plato-1758,Entrante,22.2,Asia
1759,Plato-1759,Principal,38.24,Asia
1760,Plato-1760,Principal,9.8,Europa
1761,Plato-1761,Postre,34.4,Asia
1762,Plato-1762,Entrante,26.26,Asia
1763,Plato-1763,Principal,16.52,America
1764,Plato-1764,Entrante,24.71,Europa
1765,Plato-1765,Principal,17.0,Asia
1766,Plato-1766,Principal,28.84,Asia
1767,Plato-1767,Principal,22.35,Europa
1768,Plato-1768,Principal,11.58,America
1769,Plato-1769,Principal,9.66,Europa
1770,Plato-1770,Principal,26.87,America
1771,Plato-1771,Principal,41.1,Europa
1772,Plato-1772,Postre,18.76,Europa
1773,Plato-1773,Postre,34.32,Europa
1774,Plato-1774,Principal,31.35,Europa
1775,Plato-1775,Principal,42.26,America
1776,Plato-1776,Principal,37.84,America
1777,Plato-1777,Principal,27.66,Asia
1778,Plato-1778,Principal,31.28,Europa
1779,Plato-1779,Postre,40.94,America
1780,Plato-1780,Entrante,20.98,America
1781,Plato-1781,Postre,18.07,America
1782,Plato-1782,Principal,5.43,Europa
1783,Plato-1783,Principal,38.06,Asia
1784,Plato-1784,Principal,37.04,America
1785,Plato-1785,Postre,9.18,Europa
1786,Plato-1786,Principal,28.07,America
1787,Plato-1787,Principal,23.56,America
1788,Plato-1788,Entrante,9.75,Asia
1789,Plato-1789,Principal,44.22,America
1790,Plato-1790,Entrante,13.59,America
1791,Plato-1791,Principal,7.69,Europa
1792,Plato-1792,Principal,28.79,Europa
1793,Plato-1793,Principal,34.55,Asia
1794,Plato-1794,Entrante,6.3,Europa
1795,Plato-1795,Entrante,31.35,Europa
1796,Plato-1796,Principal,26.29,Asia
1797,Plato-1797,Entrante,9.13,America
1798,Plato-1798,Entrante,11.9,Asia
1799,Plato-1799,Entrante,27.72,Europa
1800,Plato-1800,Postre,16.85,Asia
1801,Plato-1801,Principal,42.53,America
1802,Plato-1802,Principal,37.75,Asia
1803,Plato-1803,Principal,44.34,Europa
1804,Plato-1804,Principal,15.39,Europa
1805,Plato-1805,Principal,43.79,Asia
1806,Plato-1806,Principal,22.25,America
1807,Plato-1807,Entrante,18.9,Asia
1808,Plato-1808,Entrante,7.01,America
1809,Plato-1809,Entrante,7.11,America
1810,Plato-1810,Principal,32.68,Asia
1811,Plato-1811,Principal,23.32,America
1812,Plato-1812,Principal,14.06,Europa
1813,Plato-1813,Entrante,29.56,Asia
1814,Plato-1814,Entrante,15.11,America
1815,Plato-1815,Postre,28.11,Europa
1816,Plato-1816,Principal,19.37,Asia
1817,Plato-1817,Principal,37.94,Europa
1818,Plato-1818,Principal,37.83,Europa
1819,Plato-1819,Principal,24.09,Europa
1820,Plato-1820,Entrante,19.03,America
1821,Plato-1821,Entrante,19.5,Asia
1822,Plato-1822,Principal,37.23,Asia
1823,Plato-1823,Principal,18.13,America
1824,Plato-1824,Principal,13.36,Asia
1825,Plato-1825,Principal,8.39,Europa
1826,Plato-1826,Entrante,23.67,Asia
1827,Plato-1827,Postre,24.29,America
1828,Plato-1828,Principal,38.64,Europa
1829,Plato-1829,Principal,13.85,America
1830,Plato-1830,Postre,20.24,Europa
1831,Plato-1831,Principal,37.34,Europa
1832,Plato-1832,Principal,37.94,Asia
1833,Plato-1833,Principal,20.38,Europa
1834,Plato-1834,Postre,23.36,America
1835,Plato-1835,Principal,17.13,Asia
1836,Plato-1836,Entrante,42.3,America
1837,Plato-1837,Principal,9.75,Europa
1838,Plato-1838,Postre,42.35,America
1839,Plato-1839,Entrante,32.35,America
1840,Plato-1840,Principal,26.26,Europa
1841,Plato-1841,Principal,6.31,Asia
1842,Plato-1842,Principal,24.02,America
1843,Plato-1843,Principal,21.31,Europa
1844,Plato-1844,Postre,11.45,Asia
1845,Plato-1845,Entrante,31.26,Asia
1846,Plato-1846,Entrante,43.85,Asia
1847,Plato-1847,Entrante,27.49,America
1848,Plato-1848,Postre,33.59,America
1849,Plato-1849,Principal,7.74,America
1850,Plato-1850,Principal,21.71,Asia
1851,Plato-1851,Postre,9.65,America
1852,Plato-1852,Postre,29.51,Europa
1853,Plato-1853,Postre,42.54,America
1854,Plato-1854,Postre,31.47,America
1855,Plato-1855,Principal,8.07,Asia
1856,Plato-1856,Principal,19.19,America
1857,Plato-1857,Principal,27.03,Europa
1858,Plato-1858,Postre,21.13,Asia
1859,Plato-1859,Principal,38.35,Europa
1860,Plato-1860,Principal,37.59,Asia
1861,Plato-1861,Principal,29.47,Asia
1862,Plato-1862,Entrante,19.94,America
1863,Plato-1863,Principal,15.21,Europa
1864,Plato-1864,Postre,9.23,Asia
1865,Plato-1865,Postre,19.2,America
1866,Plato-1866,Entrante,21.53,Asia
1867,Plato-1867,Entrante,32.03,Asia
1868,Plato-1868,Entrante,31.33,Asia
1869,Plato-1869,Principal,7.8,Asia
1870,Plato-1870,Postre,20.81,Asia
1871,Plato-1871,Entrante,12.27,Asia
1872,Plato-1872,Principal,11.27,America
1873,Plato-1873,Postre,38.09,Asia
1874,Plato-1874,Principal,6.68,Europa
1875,Plato-1875,Principal,21.77,America
1876,Plato-1876,Principal,11.73,Europa
1877,Plato-1877,Principal,40.17,Asia
1878,Plato-1878,Principal,27.28,Europa
1879,Plato-1879,Principal,14.26,Asia
1880,Plato-1880,Principal,25.1,Asia
1881,Plato-1881,Postre,34.26,America
1882,Plato-1882,Principal,43.32,America
1883,Plato-1883,Principal,13.82,Asia
1884,Plato-1884,Entrante,40.45,America
1885,Plato-1885,Principal,42.37,Europa
1886,Plato-1886,Entrante,41.66,America
1887,Plato-1887,Entrante,30.42,America
1888,Plato-1888,Principal,30.19,Europa
1889,Plato-1889,Postre,21.13,America
1890,Plato-1890,Entrante,35.1,Asia
1891,Plato-1891,Principal,26.25,Europa
1892,Plato-1892,Postre,32.1,Asia
1893,Plato-1893,Entrante,22.14,Europa
1894,Plato-1894,Principal,34.26,Asia
1895,Plato-1895,Principal,37.98,Asia
1896,Plato-1896,Principal,10.86,America
1897,Plato-1897,Entrante,38.32,Asia
1898,Plato-1898,Principal,26.61,America
1899,Plato-1899,Principal,38.79,Europa
1900,Plato-1900,Principal,22.25,Asia
1901,Plato-1901,Entrante,20.16,Asia
1902,Plato-1902,Principal,41.6,Europa
1903,Plato-1903,Entrante,15.05,Europa
1904,Plato-1904,Principal,38.77,Asia
1905,Plato-1905,Entrante,24.36,Europa
1906,Plato-1906,Postre,25.56,America
1907,Plato-1907,Principal,17.34,Europa
1908,Plato-1908,Principal,27.92,Europa
1909,Plato-1909,Entrante,18.01,Asia
1910,Plato-1910,Principal,6.57,America
1911,Plato-1911,Postre,15.88,Europa
1912,Plato-1912,Postre,5.26,America
1913,Plato-1913,Principal,44.13,America
1914,Plato-1914,Principal,43.63,America
1915,Plato-1915,Principal,20.81,Asia
1916,Plato-1916,Postre,34.13,Europa
1917,Plato-1917,Principal,18.83,Asia
1918,Plato-1918,Principal,31.84,Europa
1919,Plato-1919,Principal,37.22,Europa
1920,Plato-1920,Principal,42.87,Asia
1921,Plato-1921,Entrante,21.01,America
1922,Plato-1922,Principal,36.33,America
1923,Plato-1923,Principal,15.64,Europa
1924,Plato-1924,Principal,44.61,Asia
1925,Plato-1925,Entrante,6.03,America
1926,Plato-1926,Principal,29.14,America
1927,Plato-1927,Principal,31.38,Europa
1928,Plato-1928,Principal,32.52,Europa
1929,Plato-1929,Entrante,9.82,Asia
1930,Plato-1930,Principal,42.54,Europa
1931,Plato-1931,Principal,12.25,America
1932,Plato-1932,Principal,29.91,America
1933,Plato-1933,Principal,13.91,America
1934,Plato-1934,Principal,17.29,America
1935,Plato-1935,Postre,26.86,Asia
1936,Plato-1936,Principal,21.69,Asia
1937,Plato-1937,Postre,11.41,Europa
1938,Plato-1938,Principal,11.84,Europa
1939,Plato-1939,Entrante,21.73,Europa
1940,Plato-1940,Entrante,35.29,Asia
1941,Plato-1941,Principal,40.92,America
1942,Plato-1942,Principal,8.37,Europa
1943,Plato-1943,Principal,20.72,America
1944,Plato-1944,Principal,9.01,Europa
1945,Plato-1945,Principal,5.66,Europa
1946,Plato-1946,Principal,31.47,Europa
1947,Plato-1947,Entrante,29.1,Europa
1948,Plato-1948,Principal,11.52,Europa
1949,Plato-1949,Principal,14.35,America
1950,Plato-1950,Entrante,5.95,Europa
1951,Plato-1951,Entrante,38.4,America
1952,Plato-1952,Principal,43.99,Asia
1953,Plato-1953,Principal,10.42,Europa
1954,Plato-1954,Postre,14.26,America
1955,Plato-1955,Postre,39.74,Asia
1956,Plato-1956,Principal,42.06,Asia
1957,Plato-1957,Principal,21.79,Asia
1958,Plato-1958,Principal,7.02,America
1959,Plato-1959,Principal,6.58,Europa
1960,Plato-1960,Entrante,27.96,Europa
1961,Plato-1961,Principal,20.72,America
1962,Plato-1962,Postre,6.15,Europa
1963,Plato-1963,Principal,28.33,America
1964,Plato-1964,Principal,5.45,Europa
1965,Plato-1965,Principal,36.49,Asia
1966,Plato-1966,Entrante,17.26,Europa
1967,Plato-1967,Principal,6.61,America
1968,Plato-1968,Principal,28.53,America
1969,Plato-1969,Entrante,20.91,Asia
1970,Plato-1970,Entrante,43.95,America
1971,Plato-1971,Postre,26.77,Europa
1972,Plato-1972,Principal,16.01,Europa
1973,Plato-1973,Principal,33.38,Asia
1974,Plato-1974,Principal,15.86,America
1975,Plato-1975,Postre,41.17,Asia
1976,Plato-1976,Principal,19.99,Europa
1977,Plato-1977,Principal,26.99,Asia
1978,Plato-1978,Postre,7.02,America
1979,Plato-1979,Postre,22.04,Asia
1980,Plato-1980,Entrante,38.29,America
1981,Plato-1981,Postre,37.23,America
1982,Plato-1982,Principal,13.97,Europa
1983,Plato-1983,Principal,14.04,Europa
1984,Plato-1984,Entrante,37.69,Europa
1985,Plato-1985,Entrante,42.22,America
1986,Plato-1986,Principal,8.81,Asia
1987,Plato-1987,Principal,23.0,America
1988,Plato-1988,Principal,18.5,Europa
1989,Plato-1989,Principal,39.83,Europa
1990,Plato-1990,Principal,8.34,Asia
1991,Plato-1991,Entrante,13.45,Europa
1992,Plato-1992,Principal,35.1,Europa
1993,Plato-1993,Entrante,7.05,Europa
1994,Plato-1994,Principal,24.7,Asia
1995,Plato-1995,Principal,22.68,America
1996,Plato-1996,Postre,18.38,Europa
1997,Plato-1997,Entrante,20.78,Asia
1998,Plato-1998,Entrante,26.2,Europa
1999,Plato-1999,Principal,11.45,Asia
